# SOURMASH-MANIFEST-VERSION: 1.0
internal_location,md5,md5short,ksize,moltype,num,scaled,n_hashes,with_abundance,name,filename
f4771c5d4bac4d185aeec8ab0820b7b8,f4771c5d4bac4d185aeec8ab0820b7b8,f4771c5d,31,DNA,0,1000,30937,0,Plasmodium_malariae,pm.fasta
4c6565586212d0a81df961b59ac72d25,4c6565586212d0a81df961b59ac72d25,4c656558,31,DNA,0,1000,22525,0,Plasmodium_knowlesi,pk.fasta
8b274e0ea9ffac18cd29587f08da5ba8,8b274e0ea9ffac18cd29587f08da5ba8,8b274e0e,31,DNA,0,1000,32018,0,Plasmodium_ovale,po.fasta
0cac7b6762e2c66fb013e7567b590413,0cac7b6762e2c66fb013e7567b590413,0cac7b67,31,DNA,0,1000,21126,0,Plasmodium_falciparum,pf.fasta
0a70e5ecdaa1130aa57167da37bf81f4,0a70e5ecdaa1130aa57167da37bf81f4,0a70e5ec,31,DNA,0,1000,27686,0,Plasmodium_vivax,pv.fasta
