{"d": 2, "version": 6, "index_type": "SBT", "storage": {"backend": "FSStorage", "args": {"path": ".sbt.merged"}}, "factory": {"class": "GraphFactory", "args": [1, 100000.0, 4]}, "nodes": {"0": {"filename": "internal.0", "name": "internal.0", "metadata": {"min_n_below": 21126}}, "1": {"filename": "internal.1", "name": "internal.1", "metadata": {"min_n_below": 21126}}, "2": {"filename": "internal.2", "name": "internal.2", "metadata": {"min_n_below": 22525}}, "3": {"filename": "internal.3", "name": "internal.3", "metadata": {"min_n_below": 21126}}}, "signatures": {"4": {"filename": "f4771c5d4bac4d185aeec8ab0820b7b8", "name": "f4771c5d4bac4d185aeec8ab0820b7b8", "metadata": "f4771c5d4bac4d185aeec8ab0820b7b8"}, "5": {"filename": "4c6565586212d0a81df961b59ac72d25", "name": "4c6565586212d0a81df961b59ac72d25", "metadata": "4c6565586212d0a81df961b59ac72d25"}, "6": {"filename": "8b274e0ea9ffac18cd29587f08da5ba8", "name": "8b274e0ea9ffac18cd29587f08da5ba8", "metadata": "8b274e0ea9ffac18cd29587f08da5ba8"}, "7": {"filename": "0cac7b6762e2c66fb013e7567b590413", "name": "0cac7b6762e2c66fb013e7567b590413", "metadata": "0cac7b6762e2c66fb013e7567b590413"}, "8": {"filename": "0a70e5ecdaa1130aa57167da37bf81f4", "name": "0a70e5ecdaa1130aa57167da37bf81f4", "metadata": "0a70e5ecdaa1130aa57167da37bf81f4"}}, "manifest_path": ".sbt.merged/merged.manifest.csv"}